-3351804022671213993,-3351804022671214706
-3351804022671213993,-3351804022671214706
-3351804022671229862,-3351804022671217996
-3351804022671229862,-3351804022671217996
-3351804022671229862,-3351804022671217996
-3351804022671229862,-3351804022671217996
-3351804022671229862,-3351804022671217996
-3351804022671217996,-3351804022671229862
-3351804022671220866,-3351804022671213993
-3351804022671220866,-3351804022671213993
-3351804022671220866,-3351804022671213993
-3351804022671220866,-3351804022671213993
-3351804022671216805,-3351804022671220866
-3351804022671216805,-3351804022671220866
-3351804022671220866,-3351804022671213993
-3351804022671213993,-3351804022671216929
-3351804022671213993,-3351804022671216929
-3351804022671229862,-3351804022671217996
-3351804022671229862,-3351804022671217996
-3351804022671229862,-3351804022671217996
-3351804022671229862,-3351804022671217996
-3351804022671229862,-3351804022671217996
-3351804022671229862,-3351804022671217996
-3351804022671229862,-3351804022671217996
-3351804022671213993,-3351804022671214149
-3351804022671213993,-3351804022671214149
-3351804022671214149,-3351804022671217996
-3351804022671217996,-3351804022671214149
-3351804022671217996,-3351804022671214149
-3351804022671214149,-3351804022671217996
-3351804022671214149,-3351804022671217996
-3351804022671217996,-3351804022671214149
-3351804022671217996,-3351804022671214149
-3351804022671217996,-3351804022671214149
-3351804022671220866,-3351804022671213993
-3351804022671217996,-3351804022671214149
-3351804022671217996,-3351804022671214149
-3351804022671217996,-3351804022671214149
-3351804022671214149,-3351804022671217996
-3351804022671214149,-3351804022671217996
-3351804022671213993,-3351804022671214149
-3351804022671213993,-3351804022671214149
-3351804022671213993,-3351804022671214149
-3351804022671213759,-3351804022671217996
-3351804022671213759,-3351804022671217996
-3351804022671213759,-3351804022671217996
-3351804022671217996,-3351804022671214149
-3351804022671214149,-3351804022671217996
-3351804022671213993,-3351804022671214149
-3351804022671213993,-3351804022671214149
-3351804022671214149,-3351804022671217996
-3351804022671214149,-3351804022671217996
-3351804022671213759,-3351804022671217996
-3351804022671213759,-3351804022671217996
-3351804022671213759,-3351804022671217996
-3351804022671213759,-3351804022671217996
-3351804022671217996,-3351804022671213759
-3351804022671213759,-3351804022671220871
-3351804022671213759,-3351804022671217996
-3351804022671217996,-3351804022671213759
-3351804022671217996,-3351804022671213759
-3351804022671213759,-3351804022671220871
-3351804022671217996,-3351804022671213759
-3351804022671217996,-3351804022671213759
-3351804022671217996,-3351804022671213759
-3351804022671217996,-3351804022671213759
-3351804022671217996,-3351804022671213759
-3351804022671213759,-3351804022671220871
-3351804022671213759,-3351804022671220871
-3351804022671213759,-3351804022671220871
-3351804022671217996,-3351804022671213993
-3351804022671217996,-3351804022671213993
-3351804022671217996,-3351804022671213993
-3351804022671217996,-3351804022671213993
-3351804022671213759,-3351804022671217996
-3351804022671213759,-3351804022671217996
-3351804022671213759,-3351804022671217996
-3351804022671213759,-3351804022671217996
-3351804022671213785,-3351804022671220866
-3351804022671213785,-3351804022671220866
-3351804022671213785,-3351804022671220866
-3351804022671213785,-3351804022671220866
-3351804022671213785,-3351804022671220866
-3351804022671213785,-3351804022671220866
-3351804022671220866,-3351804022671213881
-3351804022671213993,-3351804022671220866
-3351804022671213993,-3351804022671220866
-3351804022671213993,-3351804022671220866
-3351804022671213759,-3351804022671213881
-3351804022671213759,-3351804022671213881
-3351804022671220871,-3351804022671213759
-3351804022671220871,-3351804022671213759
-3351804022671213759,-3351804022671213881
-3351804022671213759,-3351804022671213881
-3351804022671213759,-3351804022671213881
-3351804022671213993,-3351804022671229862
-3351804022671213993,-3351804022671229862
-3351804022671213993,-3351804022671229862
-3351804022671229862,-3351804022671213993
-3351804022671229862,-3351804022671213993
